arquivo,os,cliente,tecnico,tipo_operacional,cobertura,descricao_produto,contrato_ativo_inativo,ordem_compra,alerta_faturamento,alerta_codigo,alerta_laudo,alerta_contrato,alerta_total
C:\Painel_Operacional_Corrigido\data\import\campinas\pdfs\V69246.pdf,V69246,IOCHPE MAXION S.A.,LEANDRO TIAGO,Corretiva/Chamado,Avulso,RELOGIO REP-C SMART PRINT WIFI BIO ID 3000USR PX MIFARE,Inativo,"( ) Nao (X)Sim , Alguma o bservacao? Precisamo s que seja enviado o valor",1,0,1,0,2
C:\Painel_Operacional_Corrigido\data\import\campinas\pdfs\V69247.pdf,V69247,IOCHPE MAXION S.A.,LEANDRO TIAGO,Corretiva/Chamado,Avulso,RELOGIO SMART PRINT WIFI BIO ID 3000USR PX MIFARE,Inativo,"( ) Nao (X)Sim , Alguma o bservacao? Precisamo s que seja enviado o valor",1,0,1,0,2
C:\Painel_Operacional_Corrigido\data\import\campinas\pdfs\V69248.pdf,V69248,IOCHPE MAXION S.A.,LEANDRO TIAGO,Corretiva/Chamado,Avulso,RELOGIO SMART PRINT WIFI BIO ID 3000USR PX MIFARE,Inativo,"( ) Nao (X)Sim , Alguma o bservacao? Precisamo s que seja enviado o valor",1,0,1,0,2
C:\Painel_Operacional_Corrigido\data\import\campinas\pdfs\V69250.pdf,V69250,IOCHPE MAXION S.A.,LEANDRO TIAGO,Corretiva/Chamado,Avulso,RELOGIO SMART PRINT WIFI BIO ID 3000USR PX MIFARE,Inativo,"( ) Nao (X)Sim , Alguma o bservacao? Precisamo s que seja enviado o valor",1,0,1,0,2
C:\Painel_Operacional_Corrigido\data\import\campinas\pdfs\V69244.pdf,V69244,INDUSPARQUET INDUSTRIA E COMERCIO DE MADEIRAS LTDA,BRUNO DE ARAUJO MARTUCCI,Corretiva/Chamado,Avulso,CATRACA NEW BAP BR RET PX 125KHZ,Inativo,Nao Alguma,1,0,1,0,2
C:\Painel_Operacional_Corrigido\data\import\campinas\pdfs\V69245.pdf,V69245,INDUSTRIAS PGG - TECNOLOGIA EM ARAMES E CABOS ESPECIAIS LTDA,BRUNO DE ARAUJO MARTUCCI,Corretiva/Chamado,Avulso,8796-PRINTP.III BARRAS BIO SG 1000TPL 1P,Inativo,Nao Alguma,1,0,1,0,2
C:\Users\paulo.aguiar\Downloads\V68660.pdf,V68660,UNIMED DE SOROCABA COOPERATIVA DE TRABALHO MEDICO,BRUNO DE ARAUJO MARTUCCI,Corretiva/Chamado,Avulso,RELOGIO SMART PRINT WIFI BIO ID 500USR,Inativo,"( X )Nao ( )Sim, Alguma observacao? DATA LIMITE PARA",1,0,0,0,1
C:\Users\paulo.aguiar\Downloads\v68818.pdf,,,,Outro,Avulso,,,"sim Endereco: AV PROFESSOR ADIB CHAIB,",0,1,1,0,2
C:\Users\paulo.aguiar\Downloads\V68602.pdf,V68602,UNIMED AMPARO COOPERATIVA DE TRABALHO MEDICO,TALLES HENRIQUE DO NASCIMENTO,Corretiva/Chamado,Avulso,RELOGIO REP-C SMART PRINT BIO ID 500USR,Inativo,(,1,0,0,0,1
C:\Users\paulo.aguiar\Downloads\V68662.pdf,V68662,UNIMED AMPARO COOPERATIVA DE TRABALHO MEDICO,ISRAEL OSVALDO INACIO,Corretiva/Chamado,Garantia,RELOGIO REP-C SMART PRINT BIO ID 500USR,Inativo,(,1,0,0,0,1
C:\Users\paulo.aguiar\Downloads\V68652.pdf,V68652,CIE AUTOMETAL SALTO INDUSTRIA E COMERCIO LTDA.,VALMIR ALVES RIBEIRO,Instalacao,Avulso,CATRACA MDC 5906 V2 BIO ID 5000USR PX 125KHZ,Inativo,,1,0,0,0,1
C:\Users\paulo.aguiar\Downloads\v68464.pdf,V68464,BENTELER COMPONENTES AUTOMOTIVOS LTDA,ISRAEL OSVALDO INACIO,Corretiva/Chamado,Avulso,"CANCELA ACTIVE LE BR. RET 4,0M BIV. LED",Inativo,,1,0,1,0,2
C:\Users\paulo.aguiar\Downloads\V68690.pdf,V68690,GRUPO DE PESQUISA E ASSISTENCIA AO CANCER INFANTIL,BRUNO DE ARAUJO MARTUCCI,Instalacao,Garantia,CONTROLADOR FACE ACCESS ULTRA,Inativo,,1,0,1,0,2
C:\Users\paulo.aguiar\Desktop\v68864.pdf,,233712Loja: 01Nome: SILCON MATERIAIS ELETRICOS E HIDRAULICOS LTDA,,Outro,Avulso,,,,0,1,1,0,2
C:\Users\paulo.aguiar\Downloads\V68650.pdf,V68650,UNIMED DE SANTA BARBARA DOESTE AMERICANA COOP TRAB MED,LEANDRO TIAGO,Instalacao,Avulso,CONTROLADOR FACE ACCESS ULTRA,Inativo,,1,0,0,0,1
C:\Users\paulo.aguiar\Downloads\V68656.pdf,V68656,BENTELER COMPONENTES AUTOMOTIVOS LTDA,LEANDRO TIAGO,Instalacao,Garantia,CONTROLADOR FACE ACCESS SE PX 125KHZ,Inativo,,1,0,0,0,1
C:\Users\paulo.aguiar\Downloads\V68201.pdf,V68201,BENTELER COMPONENTES AUTOMOTIVOS LTDA,RONALDO ZULIANI DOS SANTOS,Corretiva/Chamado,Garantia,CATRACA NEW BAP BR RET PX HID (WIEGANG),Inativo,"( )Nao ( x )Sim, Alguma observacao?",1,0,0,0,1
C:\Users\paulo.aguiar\Downloads\V68316.pdf,V68316,BENTELER COMPONENTES AUTOMOTIVOS LTDA,RONALDO ZULIANI DOS SANTOS,Corretiva/Chamado,Avulso,"CANCELA ACTIVE LE BR. RET 3,0M BIV. LED",Inativo,,1,0,0,0,1
C:\Users\paulo.aguiar\Downloads\V68402.pdf,V68402,DENSO DO BRASIL LTDA,VALMIR ALVES RIBEIRO,Corretiva/Chamado,Avulso,CATRACA MDC 7703 BR RET PX 125KHZ URNA,Inativo,"( X )Nao ( ) Sim, Algum a observac ao? DATA LIMIT E PARA FAT URAMENTO: E-mail par a",1,0,0,0,1
C:\Users\paulo.aguiar\Downloads\V68560.pdf,V68560,FERNANDO MATHEUS DOS SANTOS - ME LOJA 3,ANDERSON ANGELO,Instalacao,Avulso,RELOGIO MD 5715P COMUNE V2 FACIAL 5000USR,Inativo,,1,0,0,0,1
C:\Users\paulo.aguiar\Downloads\V68540.pdf,V68540,AFTERCLICK SERVICOS INTEGRADOS LTDA,CELSO LUIS MATOS,Corretiva/Chamado,Garantia,RELOGIO D-REP V2 FACIAL 10000SR,Inativo,"(x )Nao ( )S im, Alguma observaca o? DATA LIMIT E PARA FAT URAMENTO: 30 dias INFORMACOE S",1,0,1,0,2
C:\Users\paulo.aguiar\Downloads\v68455.pdf,V68455,AFTERCLICK SERVICOS INTEGRADOS LTDA,RONALDO ZULIANI DOS SANTOS,Corretiva/Chamado,Avulso,RELOGIO D-REP V2 FACIAL 10000SR,Inativo,(x )Nao (,1,0,1,0,2
C:\Users\paulo.aguiar\Downloads\V68538.pdf,V68538,COOPERATIVA DE ELETRIFICACAO DE IBIUNA E REGIAO,BRUNO DE ARAUJO MARTUCCI,Corretiva/Chamado,Avulso,RELOGIO SMART PRINT WIFI BIO ID 500USR,Inativo,(,1,0,0,0,1
C:\Users\paulo.aguiar\Downloads\V68290.pdf,V68290,ENVIAGORA LTDA,ISRAEL OSVALDO INACIO,Corretiva/Chamado,Garantia,RELOGIO D-REP V2 FACIAL 10000SR,Inativo,"( x )Nao ( )Sim, Alguma observacao?DATA",1,0,0,0,1
C:\Users\paulo.aguiar\Desktop\V68128.pdf,,179707Loja: 01Nome: CPIC BRASIL FIBRAS DE VIDRO LTDA,,Outro,Avulso,,,,0,1,1,0,2
C:\Users\paulo.aguiar\Downloads\V67847.pdf,V67874,FRANGOESTE AVICULTURA LTDA,ISRAEL OSVALDO INACIO,Corretiva/Chamado,Avulso,CATRACA FANCY LINE V2 BIO ID 5000USR PX 125KHZ,Inativo,"( )Nao ( x )Sim, Alguma observacao? DATA",1,0,0,0,1
C:\Users\paulo.aguiar\Downloads\v68873.pdf,V67873,FRANGOESTE AVICULTURA LTDA,ISRAEL OSVALDO INACIO,Corretiva/Chamado,Avulso,CATRACA NEW BAP BR RET BIO ID 5000USR PX 125KHZ,Inativo,"( )Nao ( x )Sim, Alguma observacao? DATA",1,0,0,0,1
C:\Users\paulo.aguiar\Downloads\V68151.pdf,V68151,VIACAO PIRACICABANA S.A.,VINICIUS BOIA DOS SANTOS,Corretiva/Chamado,Garantia,RELOGIO REP-C SMART POINT BIO ID,Inativo,"( )Nao ( x )Sim, Alguma observacao?",1,0,1,0,2
C:\Users\paulo.aguiar\Downloads\V68132.pdf,V68132,ROTA CONFECCOES LTDA,BRUNO DE ARAUJO MARTUCCI,Corretiva/Chamado,Garantia,RELOGIO REP-C MD EVO II WIFI BIO SK FS 500USR,Inativo,,1,0,1,0,2
C:\Users\paulo.aguiar\Downloads\V68155.pdf,V68155,ARXADA DO BRASIL ESPECIALIDADES QUIMICAS LTDA,BRUNO DE ARAUJO MARTUCCI,Corretiva/Chamado,Avulso,8796-PRINTP.III V3 BARRAS,Inativo,Sim Alguma observacao: So pode ser faturado,1,0,1,0,2
C:\Users\paulo.aguiar\Downloads\V68165.pdf,V68165,TENNECO SISTEMAS AUTOMOTIVOS LTDA,ISRAEL OSVALDO INACIO,Corretiva/Chamado,Contrato,RELOGIO MICROPOINT V3 (SEM LEITOR) (RAINBOW),Inativo,( X )Nao (,1,0,0,1,2
C:\Users\paulo.aguiar\Downloads\V68136.pdf,V68136,TECTEXTIL EMBALAGENS INDUSTRIAIS LTDA,VINICIUS BOIA DOS SANTOS,Corretiva/Chamado,Garantia,CATRACA NEW BAP BR.RET INTEGRADOR,Inativo,"( x )Nao ( )Sim, Alguma observacao? DATA LIMITE PARA FATURAMENTO:",1,0,0,0,1
C:\Users\paulo.aguiar\Downloads\V68170.pdf,V68170,TENNECO SISTEMAS AUTOMOTIVOS LTDA,ISRAEL OSVALDO INACIO,Corretiva/Chamado,Contrato,RELOGIO SMART PRINT WIFI PX MIFARE,Ativo,"( X )Nao ( )Sim, Alguma observacao? DATA LIMITE PARA",1,0,1,0,2
C:\Users\paulo.aguiar\Downloads\V68129.pdf,V68129,CPIC BRASIL FIBRAS DE VIDRO LTDA,VINICIUS BOIA DOS SANTOS,Corretiva/Chamado,Contrato,CATRACA MDC 5906 V2 PX 125KHZ (C/ FACIAL),Ativo,Sim Data Limite para,0,0,1,0,1
C:\Users\paulo.aguiar\Downloads\V68128.pdf,V68128,CPIC BRASIL FIBRAS DE VIDRO LTDA,VINICIUS BOIA DOS SANTOS,Corretiva/Chamado,Contrato,CATRACA MDC 5906 V2 PX 125KHZ (C/ FACIAL),Ativo,Sim Data Limite para,0,0,1,0,1
C:\Users\paulo.aguiar\Downloads\V68072.pdf,V68072,UNIMED DE SANTA BARBARA DOESTE AMERICANA COOP TRAB MED,RONALDO ZULIANI DOS SANTOS,Corretiva/Chamado,Garantia,RELOGIO REP-C PRINTP.III BIO ID 3000USR BAR,Inativo,,1,0,1,0,2
C:\Users\paulo.aguiar\Downloads\V68099.pdf,V68099,PACKBAG INDUSTRIA DE EMBALAGENS LTDA.-EPP,VINICIUS BOIA DOS SANTOS,Corretiva/Chamado,Contrato,CATRACA BAP BLACK BIO ID 500USR PX 125KHZ,Inativo,"( )Nao ( )Sim, Alguma observacao? DATA",1,0,1,1,3
C:\Users\paulo.aguiar\Downloads\V68105.pdf,V68105,ARXADA DO BRASIL ESPECIALIDADES QUIMICAS LTDA,ISRAEL OSVALDO INACIO,Corretiva/Chamado,Garantia,8796-PRINTP.III V3 BARRAS,Inativo,"Sim Alguma observacao: So pode ser faturado apos emissao do pedido de compras, as notas so sao",1,0,0,0,1
C:\Users\paulo.aguiar\Downloads\V68098.pdf,V68098,EIFFEL COMERCIO E INDUSTRIA DE FERROS LTDA,VINICIUS BOIA DOS SANTOS,Corretiva/Chamado,Garantia,RELOGIO SMART POINT WIFI BIO ID,Inativo,( x,1,0,0,0,1
C:\Users\paulo.aguiar\Downloads\V68097.pdf,V68097,EIFFEL COMERCIO E INDUSTRIA DE FERROS LTDA,VINICIUS BOIA DOS SANTOS,Corretiva/Chamado,Garantia,RELOGIO SMART POINT WIFI BIO ID,Inativo,( x,1,0,0,0,1
C:\Users\paulo.aguiar\Downloads\V68096.pdf,V68096,EIFFEL COMERCIO E INDUSTRIA DE FERROS LTDA,VINICIUS BOIA DOS SANTOS,Corretiva/Chamado,Garantia,RELOGIO SMART POINT WIFI BIO ID,Inativo,( x )Nao ( )Sim DATA,1,0,0,0,1
C:\Users\paulo.aguiar\Downloads\V68077.pdf,V68077,JSP BRASIL INDUSTRIA DE PLASTICOS LTDA,VINICIUS BOIA DOS SANTOS,Corretiva/Chamado,Garantia,456 HL/S BARRAS/BIOM.II/S IP (6000 TEMPL.),Inativo,Sim Alguma obs ervacao: Data Limit e para fat uramento: 2026-02-2 5 Valores e Condicoes Valor da P,1,0,0,0,1
C:\Users\paulo.aguiar\Downloads\V68045.pdf,V68045,SOROCAPS INDUSTRIA FARMACEUTICA LTDA,BRUNO DE ARAUJO MARTUCCI,Corretiva/Chamado,Garantia,RELOGIO MICROPOINT V2 (LEITOR EXT.),Inativo,"( )Nao (X )Sim, Alguma",1,0,0,0,1
C:\Users\paulo.aguiar\Downloads\V67998.pdf,V67998,TECTEXTIL EMBALAGENS INDUSTRIAIS LTDA,VINICIUS BOIA DOS SANTOS,Corretiva/Chamado,Garantia,CONTROLADOR FACE ACCESS ULTRA,Inativo,"( x )Nao ( )Sim, Alguma observacao? DATA LIMITE PARA",1,0,0,0,1
C:\Users\paulo.aguiar\Downloads\V67997.pdf,V67997,TECTEXTIL EMBALAGENS INDUSTRIAIS LTDA,VINICIUS BOIA DOS SANTOS,Corretiva/Chamado,Garantia,CONTROLADOR FACE ACCESS ULTRA,Inativo,"( x )Nao ( )Sim, Alguma observacao? DATA LIMITE PARA",1,0,0,0,1
C:\Users\paulo.aguiar\Downloads\V67996.pdf,V67996,TECTEXTIL EMBALAGENS INDUSTRIAIS LTDA,VINICIUS BOIA DOS SANTOS,Corretiva/Chamado,Garantia,CONTROLADOR FACE ACCESS ULTRA,Inativo,"( x )Nao ( )Sim, Alguma observacao? DATA LIMITE PARA",1,0,0,0,1
C:\Users\paulo.aguiar\Downloads\V68029.pdf,V68029,PACK BIG BAG INDUSTRIA DE EMBALAGENS LTDA,ISRAEL OSVALDO INACIO,Corretiva/Chamado,Contrato,CATRACA BAP BLACK BIO ID 500USR PX 125KHZ,Ativo,"( )Nao ( )Sim, Alguma observacao? DATA",1,0,0,0,1
C:\Users\paulo.aguiar\Downloads\V68019.pdf,V68019,DELTEC EQUIPAMENTOS INDUSTRIAIS LIMITADA,CELSO LUIS MATOS,Corretiva/Chamado,Garantia,CATRACA BAP BLACK V2 PX 125KHZ,Inativo,"( x)Nao ( )Sim, Alguma",1,0,0,0,1
C:\Users\paulo.aguiar\Downloads\V67942.pdf,V67942,UNIMED DE SANTA BARBARA DOESTE AMERICANA COOP TRAB MED,CELSO LUIS MATOS,Instalacao,Avulso,CONTROLADOR FACE ACCESS ULTRA,Inativo,,1,0,0,0,1
C:\Users\paulo.aguiar\Downloads\V67933.pdf,V67933,ESCOLA INTEGRADA EDUCATIVA LTDA,CELSO LUIS MATOS,Instalacao,Avulso,VISITA E ORIENTACAO INFRA ESTRUTURA,Inativo,,1,0,0,0,1
C:\Users\paulo.aguiar\Downloads\V67990.pdf,V67990,P. W. IMOVEIS LTDA,BRUNO HENRIQUE NAIDHIG,Corretiva/Chamado,Garantia,CONTROLADOR MD 5718F,Inativo,Sim Alguma,1,0,0,0,1
C:\Users\paulo.aguiar\Downloads\V67939.pdf,V67939,LEME ARMAZENS GERAIS LTDA,VINICIUS BOIA DOS SANTOS,Corretiva/Chamado,Garantia,RELOGIO D-REP V2 FACIAL 5000USR,Inativo,"( x)Nao ( )Sim, Alguma observacao? DATA LIMITE PARA FATURAMENTO: - O",1,0,0,0,1
C:\Users\paulo.aguiar\Downloads\V67927.pdf,V67927,CPIC BRASIL FIBRAS DE VIDRO LTDA,ISRAEL OSVALDO INACIO,Corretiva/Chamado,Contrato,CATRACA MDC 5906 V2 PX 125KHZ (C/ FACIAL),Ativo,Sim Data Limite para Faturamento:11022026 E-mail para Envio da,0,0,0,0,0
C:\Users\paulo.aguiar\Downloads\V67867.pdf,V67867,GULF OIL DO BRASIL LTDA,BRUNO DE ARAUJO MARTUCCI,Instalacao,Avulso,RELOGIO MD 5715P COMUNE V2 FACIAL 5000USR,Inativo,,1,0,1,0,2
C:\Users\paulo.aguiar\Downloads\V67866.pdf,V67866,GULF OIL DO BRASIL LTDA,BRUNO DE ARAUJO MARTUCCI,Instalacao,Avulso,RELOGIO MD 5715P COMUNE V2 FACIAL 5000USR,Inativo,,1,0,1,0,2
C:\Users\paulo.aguiar\Downloads\V67874.pdf,V67874,FRANGOESTE AVICULTURA LTDA,ISRAEL OSVALDO INACIO,Corretiva/Chamado,Avulso,CATRACA FANCY LINE V2 BIO ID 5000USR PX 125KHZ,Inativo,"( )Nao ( x )Sim, Alguma observacao? DATA",1,0,0,0,1
C:\Users\paulo.aguiar\Downloads\V67873.pdf,V67873,FRANGOESTE AVICULTURA LTDA,ISRAEL OSVALDO INACIO,Corretiva/Chamado,Avulso,CATRACA NEW BAP BR RET BIO ID 5000USR PX 125KHZ,Inativo,"( )Nao ( x )Sim, Alguma observacao? DATA",1,0,0,0,1
C:\Users\paulo.aguiar\Downloads\v68172.pdf,V68172,SERVICO SOCIAL DO COMERCIO SESC ADMINISTRACAO REGIONAL N,VALMIR ALVES RIBEIRO,Corretiva/Chamado,Avulso,CATRACA FANCY LINE BR.ART QR (SESC),Inativo,"Sim Alguma observacao: apos a visita, necessario aguardar a SC e DLS ser",1,0,1,0,2
C:\Users\paulo.aguiar\Downloads\V67304.pdf,V67304,BULKCENTRO TURISMO LTDA,RONALDO ZULIANI DOS SANTOS,Corretiva/Chamado,Avulso,RELOGIO SMART PRINT WIFI BIO ID 500USR,Inativo,"( ) Nao ( x)Si m, Alguma observaca",1,0,1,0,2
C:\Users\paulo.aguiar\Downloads\V67317.pdf,V67317,BULKCENTRO TURISMO LTDA,ISRAEL OSVALDO INACIO,Corretiva/Chamado,Avulso,RELOGIO SMART PRINT WIFI BIO ID 500USR,Inativo,"( )Nao ( )Sim, Alguma observacao? DATA",1,0,0,0,1
C:\Users\paulo.aguiar\Downloads\v68113.pdf,V68113,M. CASSAB COMERCIO E INDUSTRIA LTDA,ISRAEL OSVALDO INACIO,Corretiva/Chamado,Avulso,CONTROLADOR FACE ACCESS II,Inativo,,1,0,1,0,2
C:\Users\paulo.aguiar\Downloads\V66953.pdf,V66953,KALEFA INDUSTRIA E COMERCIO DE PESCADOS LTDA,CELSO LUIS MATOS,Instalacao,Avulso,CATRACA BAP BLACK V2 PX 125KHZ (P/ FACIAL),Inativo,,1,0,0,0,1
C:\Users\paulo.aguiar\Downloads\V66744.pdf,V66744,KALEFA INDUSTRIA E COMERCIO DE PESCADOS LTDA,CELSO LUIS MATOS,Instalacao,Avulso,CATRACA BAP BLACK V2 PX 125KHZ (P/ FACIAL),Inativo,,1,0,1,0,2
C:\Users\paulo.aguiar\Downloads\V66954.pdf,V66954,KALEFA INDUSTRIA E COMERCIO DE PESCADOS LTDA,CELSO LUIS MATOS,Instalacao,Avulso,CATRACA BAP BLACK V2 PX 125KHZ (P/ FACIAL),Inativo,,1,0,1,0,2
C:\Users\paulo.aguiar\Downloads\V67713.pdf,V67713,GR SERVICOS E ALIMENTACAO LTDA,RONALDO ZULIANI DOS SANTOS,Corretiva/Chamado,Avulso,RELOGIO SMART NF C/IMPR. WIFI BIO ID 500USR,Inativo,"( )Nao ( )Sim, Alguma observacao?nao",1,0,1,0,2
C:\Users\paulo.aguiar\Downloads\V67594.pdf,V67594,GALENA QUIMICA E FARMACEUTICA LTDA,RONALDO ZULIANI DOS SANTOS,Corretiva/Chamado,Garantia,RELOGIO REP-C SMART PRINT WIFI BIO ID 500USR PX 125KHZ,Inativo,"(x)Nao ( )Sim, Alguma observacao? DATA LIMITE PARA",1,0,0,0,1
C:\Users\paulo.aguiar\Downloads\V67561.pdf,V67561,REFRIX ENVASADORA DE BEBIDAS LTDA,VALMIR ALVES RIBEIRO,Instalacao,Avulso,CONTROLADOR MD 5718F,Inativo,,1,0,0,0,1
C:\Users\paulo.aguiar\Downloads\V67163.pdf,V67163,ALUX DO BRASIL IND E COM. LTDA,CELSO LUIS MATOS,Instalacao,Avulso,CATRACA MDC 5906 V2 PX 125KHZ,Inativo,,1,0,0,0,1
C:\Users\paulo.aguiar\Downloads\V67298.pdf,V67298,ALUX DO BRASIL IND E COM. LTDA,CELSO LUIS MATOS,Instalacao,Avulso,CATRACA MDC 5906 V2 PX 125KHZ,Inativo,,1,0,0,0,1
C:\Users\paulo.aguiar\Downloads\V67462.pdf,V67462,HYDAC TECNOLOGIA LTDA.,VINICIUS BOIA DOS SANTOS,Instalacao,Avulso,CATRACA NEW BAP BR.RET PX 125KHZ QR,Inativo,,1,0,0,0,1
C:\Users\paulo.aguiar\Downloads\V67416.pdf,V67416,HYDAC TECNOLOGIA LTDA.,VINICIUS BOIA DOS SANTOS,Instalacao,Avulso,CONTROLADOR FACE ACCESS ULTRA,Inativo,,1,0,1,0,2
C:\Users\paulo.aguiar\Downloads\V67303.pdf,V67303,HYDAC TECNOLOGIA LTDA.,VINICIUS BOIA DOS SANTOS,Instalacao,Avulso,CONTROLADOR FACE ACCESS ULTRA,Inativo,,1,0,0,0,1
C:\Users\paulo.aguiar\Downloads\V67302.pdf,V67302,HYDAC TECNOLOGIA LTDA.,VINICIUS BOIA DOS SANTOS,Instalacao,Avulso,CONTROLADOR FACE ACCESS ULTRA,Inativo,,1,0,1,0,2
C:\Users\paulo.aguiar\Downloads\V67143.pdf,V67143,HYDAC TECNOLOGIA LTDA.,CELSO LUIS MATOS,Instalacao,Avulso,CATRACA NEW BAP BR.RET PX 125KHZ QR,Inativo,,1,0,0,0,1
C:\Users\paulo.aguiar\Downloads\V67059.pdf,V67059,HYDAC TECNOLOGIA LTDA.,LEANDRO TIAGO / VINICIUS BOIA DOS SANTOS / ISRAEL OSVALDO INACIO /,Instalacao,Avulso,CATRACA NEW BAP BR.RET PX 125KHZ QR,Inativo,,1,0,0,0,1
C:\Users\paulo.aguiar\Downloads\V67058.pdf,V67058,HYDAC TECNOLOGIA LTDA.,LEANDRO TIAGO / VINICIUS BOIA DOS SANTOS / ISRAEL OSVALDO INACIO /,Instalacao,Avulso,CATRACA BAP BLACK V2 PX 125KHZ (P/ FACIAL),Inativo,,1,0,0,0,1
C:\Users\paulo.aguiar\Downloads\V66880.pdf,V66880,HYDAC TECNOLOGIA LTDA.,VALMIR ALVES RIBEIRO,Instalacao,Avulso,VISITA E ORIENTACAO INFRA ESTRUTURA,Inativo,,1,0,0,0,1
C:\Users\paulo.aguiar\Downloads\V66401.pdf,V66401,HYDAC TECNOLOGIA LTDA.,CELSO LUIS MATOS,Instalacao,Avulso,VISITA E ORIENTACAO INFRA ESTRUTURA,Inativo,,1,0,0,0,1
C:\Users\paulo.aguiar\Downloads\V64989.pdf,V64989,"CONSTRUTORA TENDA S/A Endereco: Av. Wilson Moreira de Santana,",VALMIR ALVES RIBEIRO,Corretiva/Chamado,Avulso,RELOGIO SMART PRINT,Inativo,( ),1,0,0,0,1
C:\Users\paulo.aguiar\Downloads\2024487450condominiotimecentercampinas\V63044.pdf,V63044,CONDOMINIO TIME CENTER,CELSO LUIS MATOS / LEANDRO,Outro,Avulso,CONTROLADOR FACE,Inativo,,1,0,1,0,2
C:\Users\paulo.aguiar\Downloads\2024487450condominiotimecentercampinas\V65474.pdf,V65474,CONDOMINIO TIME CENTER CAMPINAS,BRUNO DE ARAUJO MARTUCCI,Corretiva/Chamado,Garantia,TORNIQUETE SMART TURN,Inativo,"( )Nao ( )Sim, Algu",1,0,0,0,1
C:\Users\paulo.aguiar\Downloads\2024487450condominiotimecentercampinas\V63032.pdf,V63032,CONDOMINIO TIME CENTER,PAULO VITOR DE OLIVEIRA AGUIAR,Outro,Avulso,TORNIQUETE SMART,Inativo,,1,0,0,0,1
C:\Users\paulo.aguiar\Downloads\2024487450condominiotimecentercampinas\V65230.pdf,V65230,CONDOMINIO TIME CENTER CAMPINAS,VALMIR ALVES RIBEIRO,Corretiva/Chamado,Garantia,CAMERA ZK-LPR CAR ID (ZK TECO) QRCode produto: 'D21502942 ',Inativo,,1,0,1,0,2
C:\Users\paulo.aguiar\Downloads\2024487450condominiotimecentercampinas\V63530.pdf,V63530,CONDOMINIO TIME CENTER,LEANDRO TIAGO,Outro,Avulso,TORNIQUETE SMART,Inativo,,1,0,0,0,1
C:\Users\paulo.aguiar\Downloads\2024487450condominiotimecentercampinas\V63364.pdf,V63364,CONDOMINIO TIME CENTER,BRUNO HENRIQUE NAIDHIG /,Outro,Avulso,TORNIQUETE SMART,Inativo,,1,0,0,0,1
C:\Users\paulo.aguiar\Downloads\2024487450condominiotimecentercampinas\V63991.pdf,V63991,CONDOMINIO TIME CENTER,CELSO LUIS MATOS,Outro,Avulso,CAMERA ZK-LPR CAR,Inativo,,1,0,1,0,2
C:\Users\paulo.aguiar\Downloads\2024487450condominiotimecentercampinas\V63927.pdf,V63927,CONDOMINIO TIME CENTER,CELSO LUIS MATOS,Outro,Avulso,TORNIQUETE SMART,Inativo,,1,0,0,0,1
C:\Users\paulo.aguiar\Downloads\2024487450condominiotimecentercampinas\V64086.pdf,V64086,CONDOMINIO TIME CENTER,CELSO LUIS MATOS,Corretiva/Chamado,Garantia,TORNIQUETE SMART,Inativo,,1,0,0,0,1
C:\Users\paulo.aguiar\Downloads\2024487450condominiotimecentercampinas\V63045.pdf,V63045,CONDOMINIO TIME CENTER,CELSO LUIS MATOS / LEANDRO,Outro,Avulso,CONTROLADOR FACE,Inativo,,1,0,0,0,1
C:\Users\paulo.aguiar\Downloads\2024487450condominiotimecentercampinas\V63047.pdf,V63047,CONDOMINIO TIME CENTER,LEANDRO TIAGO / BRUNO,Outro,Avulso,CONTROLADOR FACE,Inativo,,1,0,0,0,1
C:\Users\paulo.aguiar\Downloads\2024487450condominiotimecentercampinas\V63046.pdf,V63046,CONDOMINIO TIME CENTER,LEANDRO TIAGO / BRUNO,Outro,Avulso,CONTROLADOR FACE,Inativo,,1,0,0,0,1
C:\Users\paulo.aguiar\Downloads\2024487450condominiotimecentercampinas\V66167.pdf,V66167,CONDOMINIO TIME CENTER CAMPINAS,CELSO LUIS MATOS / ISRAEL OSVALDO INACIO /,Corretiva/Chamado,Garantia,TORNIQUETE SMART TURN,Inativo,"( ) Nao ( )Sim , Alguma o bservacao? DATA LIMIT E PARA",1,0,0,0,1
C:\Users\paulo.aguiar\Downloads\2024487450condominiotimecentercampinas\V64091.pdf,V64091,CONDOMINIO TIME CENTER,CELSO LUIS MATOS,Corretiva/Chamado,Garantia,TORNIQUETE SMART,Inativo,,1,0,0,0,1
C:\Users\paulo.aguiar\Downloads\2024487450condominiotimecentercampinas\V66596.pdf,V66596,CONDOMINIO TIME CENTER CAMPINAS,CELSO LUIS MATOS,Corretiva/Chamado,Garantia,TORNIQUETE SMART TURN,Inativo,"( )Nao ( )Sim, Alguma observacao? DATA",1,0,1,0,2
C:\Users\paulo.aguiar\Downloads\2024487450condominiotimecentercampinas\V66751.pdf,V66751,CONDOMINIO TIME CENTER CAMPINAS,LEANDRO TIAGO,Corretiva/Chamado,Garantia,GABINETE COMPACT GATE V2 PX 125KHZ,Inativo,"(X) Nao ( )Sim , Alguma o bservacao? Nao. DATA LIMIT E PARA FAT",1,0,0,0,1
C:\Users\paulo.aguiar\Downloads\2024487450condominiotimecentercampinas\V66837.pdf,V66837,CONDOMINIO TIME CENTER CAMPINAS,CELSO LUIS MATOS,Corretiva/Chamado,Garantia,GABINETE COMPACT GATE V2 PX 125KHZ,Inativo,"(X)Nao ( )Sim, Alguma observacao? Nao.",1,0,0,0,1
C:\Users\paulo.aguiar\Downloads\2024487450condominiotimecentercampinas\V66279.pdf,V66279,CONDOMINIO TIME CENTER CAMPINAS,CELSO LUIS MATOS,Corretiva/Chamado,Garantia,TORNIQUETE SMART TURN,Inativo,"( )Nao ( )Sim, Alguma observacao? DATA",1,0,1,0,2
C:\Users\paulo.aguiar\Downloads\2024487450condominiotimecentercampinas\V66616.pdf,V66616,CONDOMINIO TIME CENTER CAMPINAS,VALMIR ALVES RIBEIRO,Corretiva/Chamado,Garantia,TORNIQUETE SMART TURN,Inativo,,1,0,1,0,2
C:\Users\paulo.aguiar\Downloads\2024487450condominiotimecentercampinas\V66689.pdf,V66689,CONDOMINIO TIME CENTER CAMPINAS,CELSO LUIS MATOS,Corretiva/Chamado,Garantia,TORNIQUETE SMART TURN,Inativo,"( )Nao ( )Sim, Alguma observacao? DATA",1,0,0,0,1
C:\Users\paulo.aguiar\Downloads\V66321.pdf,V66321,CONDOMINIO TIME CENTER CAMPINAS,CELSO LUIS MATOS,Corretiva/Chamado,Garantia,"CANCELA DMP DRIVE ESQ BR.RET 3,00M A 4,50M 220V",Inativo,"(X)Nao ()Sim, Alguma observacao? DATA LIMITE PARA FATURAMENTO:",1,0,1,0,2
C:\Users\paulo.aguiar\Downloads\V66692.pdf,V66692,CONDOMINIO TIME CENTER CAMPINAS,CELSO LUIS MATOS,Corretiva/Chamado,Garantia,GABINETE COMPACT GATE V2 PX 125KHZ,Inativo,"(X)Nao ( )Sim, Alguma observacao? Nao.",1,0,0,0,1
C:\Users\paulo.aguiar\Downloads\V65514.pdf,V65514,CONDOMINIO TIME CENTER CAMPINAS,LEANDRO TIAGO,Corretiva/Chamado,Garantia,TORNIQUETE SMART TURN,Inativo,( ) Nao (,1,0,0,0,1
C:\Users\paulo.aguiar\Downloads\v64582.pdf,V64582,CONDOMINIO TIME CENTER,BRUNO HENRIQUE NAIDHIG,Corretiva/Chamado,Garantia,CANCELA DMP DRIVE,Inativo,( )Nao (,1,0,1,0,2
C:\Users\paulo.aguiar\Downloads\V66167.pdf,V66167,CONDOMINIO TIME CENTER CAMPINAS,CELSO LUIS MATOS / ISRAEL OSVALDO INACIO /,Corretiva/Chamado,Garantia,TORNIQUETE SMART TURN,Inativo,"( ) Nao ( )Sim , Alguma o bservacao? DATA LIMIT E PARA",1,0,0,0,1